tweet_id,created_at,user,full_text,favorite_count,retweet_count,hashtags
1.6694991719156122e+18,2023-06-16 00:16:35+00:00,bunnyellabell,RT @lavenderghostco  Okay LockNation im off to bed!! Thanks for another AMAZING day!! I love you guysü•π‚ù§Ô∏è  Tomorrow‚Äôs hashtags are #SaveLock‚Ä¶,0.0,1.0,#DEPRACrollcall
1.6694967096578376e+18,2023-06-16 00:06:47+00:00,lavenderghostco,Okay LockNation im off to bed!! Thanks for another AMAZING day!! I love you guysü•π‚ù§Ô∏è  Tomorrow‚Äôs hashtags are #SaveLockwoodandCo #DEPRACrollcall  And we‚Äôre talking about our favourite INTERVIEW MOMENTS  also i think @MontaguBarnes has something planned for usüëÄ  See ye tomorrow!!,12.0,1.0,#DEPRACrollcall
1.6694937365968118e+18,2023-06-15 23:54:59+00:00,AinaraGonzlez14,"RT @amelia_argent  Good night, LockNation! Thank you for this amazing day ‚ò∫ I've got so much positive emotions! Thank you all‚ù§ Tomorrow we'‚Ä¶",0.0,1.0,#DEPRACrollcall
1.6694874497042145e+18,2023-06-15 23:30:00+00:00,Locklyle_fan,Also Cameron Chapman the actor that you areüôåüèΩ Totally robbed of the best debut nomination!!  #SaveLockwoodandCo #DEPRACrollcall,0.0,0.0,#DEPRACrollcall
1.669485867692601e+18,2023-06-15 23:23:43+00:00,Locklyle_fan,@hollowgirlhan I actually haven't read the booksü´£ But I'm planning to soon. I don't mind spoilers though.  #SaveLockwoodandCo #DEPRACrollcall,0.0,0.0,#DEPRACrollcall
1.6694836833618289e+18,2023-06-15 23:15:02+00:00,amelia_argent,"Good night, LockNation! Thank you for this amazing day ‚ò∫ I've got so much positive emotions! Thank you all‚ù§ Tomorrow we'll use #DEPRACrollcall hashtag!  #SaveLockwoodandCo #ScreamingStaircase For Lockwood and Co‚öîÔ∏èüíú https //t.co/eu5kLDbdRq",8.0,1.0,#DEPRACrollcall
1.669483285703975e+18,2023-06-15 23:13:27+00:00,Locklyle_fan,@hollowgirlhan Let's cry together cuz I've been losing my mind over this since daysüò≠  #SaveLockwoodandCo #DEPRACrollcall,0.0,0.0,#DEPRACrollcall
1.6694830440452014e+18,2023-06-15 23:12:29+00:00,carlyleons,@lavenderghostco @JonathanAStroud @FictionComplete LAV IT‚ÄôS SO CUTE!!! So intricate and well done!!!  #SaveLockwoodandCo #DEPRACRollCall,0.0,0.0,#DEPRACrollcall
1.669481913864581e+18,2023-06-15 23:08:00+00:00,Locklyle_fan,@Godsgirljune Donald and Celia would've been so proud of himüò≠üíî  #SaveLockwoodandCo #DEPRACrollcall,3.0,0.0,#DEPRACrollcall
1.6694811131426693e+18,2023-06-15 23:04:49+00:00,Locklyle_fan,"@Godsgirljune Yes exactly he's such a gentlemanüò≠ The way he always asks her first to make sure she's comfortableüò≠ Even though he was orphaned as a child, he still turned out to be an amazing human being which I really love about his character‚ù§Ô∏è  #SaveLockwoodandCo #DEPRACrollcall",3.0,0.0,#DEPRACrollcall
1.6696240347476214e+18,2023-06-16 08:32:44+00:00,AlinchenBee,"@learmn83 Let's do this!‚öîÔ∏è
#DEPRACrollcall #SaveLockwoodandCo 
Lockwood and Co",0.0,0.0,#DEPRACrollcall
1.669623682912641e+18,2023-06-16 08:31:20+00:00,learmn83,"@Lockwood1494 We are ü´Çü´Ç

#DEPRACrollcall #SaveLockwoodandCo Lockwood and Co ‚öîÔ∏è",0.0,0.0,#DEPRACrollcall
1.6696222149987533e+18,2023-06-16 08:25:30+00:00,caitielouise,Yesterday's hashtag still trending alongside Lockwood and Co üíôüëª‚öîÔ∏èüíô #DEPRACrollcall #SaveLockwoodandCo https://t.co/ftxhHXGp9R,0.0,0.0,#DEPRACrollcall
1.6696221939934659e+18,2023-06-16 08:25:25+00:00,learmn83,"@amelia_argent Good morningggg my friend ü´∂ lovely day to you too ü´Ç

#DEPRACrollcall #SaveLockwoodandCo Lockwood and Co ‚öîÔ∏è",0.0,0.0,#DEPRACrollcall
1.6696220165912535e+18,2023-06-16 08:24:43+00:00,AlinchenBee,"@yve_mary ‚ò∫Ô∏è #SaveLockwoodandCo
#DEPRACrollcall https://t.co/vfZvRrmWHW",0.0,0.0,#DEPRACrollcall
1.6696218289715364e+18,2023-06-16 08:23:58+00:00,learmn83,"@Awklepuff Good morninggg too ü´∂ (even if although 6 hours late may be more like afternoon, but for me it's still morning üòÇ)

#DEPRACrollcall #SaveLockwoodandCo Lockwood and Co ‚öîÔ∏è",0.0,0.0,#DEPRACrollcall
1.6696215217639752e+18,2023-06-16 08:22:45+00:00,learmn83,"@Lockwood1494 ü•πü•π

#DEPRACrollcall #SaveLockwoodandCo Lockwood and Co ‚öîÔ∏è",0.0,0.0,#DEPRACrollcall
1.6696213699678945e+18,2023-06-16 08:22:09+00:00,learmn83,"@yve_mary Good morning my beautiful friend ü´∂

#DEPRACrollcall #SaveLockwoodandCo Lockwood and Co ‚öîÔ∏è",0.0,0.0,#DEPRACrollcall
1.6696212372392182e+18,2023-06-16 08:21:37+00:00,learmn83,"@AnittaBloom Ohh I'm still here ü•π I really didn't think I'd be around so much! ü•πü´∂ So happy to be here too ü´Ç

#DEPRACrollcall #SaveLockwoodandCo Lockwood and Co ‚öîÔ∏è",0.0,0.0,#DEPRACrollcall
1.669620125941506e+18,2023-06-16 08:17:12+00:00,learmn83,"@amelia_argent Um... So no, it's not me... BUT at least someone in France has seen it ü´†

#DEPRACrollcall #SaveLockwoodandCo Lockwood and Co ‚öîÔ∏è",0.0,0.0,#DEPRACrollcall
1.669620050083324e+18,2023-06-16 08:16:54+00:00,DarkCyclePizza,"@lockwoody_ I also say burn down the house and co but new medicine üò± did you manage?
#SaveLockwoodandCo #DEPRACrollcall",0.0,0.0,#DEPRACrollcall
1.6696196898724045e+18,2023-06-16 08:15:28+00:00,learmn83,"@amelia_argent Awww ü´Ç the word is correct yes! You just need to put an ""e"" at the end, so ""amie"", to make it feminine ü´∂
#DEPRACrollcall #SaveLockwoodandCo Lockwood and Co ‚öîÔ∏è",0.0,0.0,#DEPRACrollcall
1.6696190122574275e+18,2023-06-16 08:12:47+00:00,orecchiett,"It's a pity they had to exorcise everything from the house, as it seemed that my (honourary) great grandfather appeared to read bedtime stories to his (honourary) grandchildren and then no more #DEPRACrollcall #SaveLockwoodandCo https://t.co/eeoASy2WoG",0.0,0.0,#DEPRACrollcall
1.669619000865706e+18,2023-06-16 08:12:44+00:00,orecchiett,"The lady in white appeared once or twice more. The last time she did, she had some homicidal intentions....
#DEPRACrollcall #SaveLockwoodandCo https://t.co/cpFXzPHkaP",0.0,0.0,#DEPRACrollcall
1.6696189902204436e+18,2023-06-16 08:12:41+00:00,orecchiett,"There was no Lockwood and Co, so they did what anyone else with a catholic upbringing would do: they called the exorcist
#DEPRACrollcall #SaveLockwoodandCo",0.0,0.0,#DEPRACrollcall
1.6696189872593756e+18,2023-06-16 08:12:41+00:00,orecchiett,"""What are you doing here?""
""I'm playing with the lady in white and all the other children""
#DEPRACrollcall #SaveLockwoodandCo https://t.co/GnUIppKZOu",0.0,0.0,#DEPRACrollcall
1.6696189847426908e+18,2023-06-16 08:12:40+00:00,orecchiett,"He was there, playing
#DEPRACrollcall #SaveLockwoodandCo https://t.co/1QUKyDyF4b",0.0,0.0,#DEPRACrollcall
1.6696189743869747e+18,2023-06-16 08:12:38+00:00,orecchiett,"At some point one of them said: we haven't checked the basement, maybe he's there
#DEPRACrollcall #SaveLockwoodandCo https://t.co/YzdB4p9Wko",0.0,0.0,#DEPRACrollcall
1.6696189631713853e+18,2023-06-16 08:12:35+00:00,orecchiett,"Grandma and greatgrandma start looking for the whole house: nothing.
They panicked by the hour.
#DEPRACrollcall #SaveLockwoodandCo https://t.co/6TxIPrhRhF",0.0,0.0,#DEPRACrollcall
1.6696189604745462e+18,2023-06-16 08:12:34+00:00,orecchiett,"Later my grandma went to unlock the door... except her child wasnt there anymore and the room had been locked the whole time. There was only a window and from there it was jump of three meters to the street, something impossible for a child #DEPRACrollcall #SaveLockwoodandCo https://t.co/waNy4lNxMZ",1.0,0.0,#DEPRACrollcall
1.6696189576895365e+18,2023-06-16 08:12:34+00:00,orecchiett,"First story: one day my grandma locked one of his children in a room for him to play and then her and her mother proceeded to clean the whole house.
Italian women on a clean madness, no explanation needed #DEPRACrollcall #SaveLockwoodandCo https://t.co/qOb8h9dtsv",1.0,0.0,#DEPRACrollcall
1.6696189550051779e+18,2023-06-16 08:12:33+00:00,orecchiett,"I am really sorry for not adding my ghost stories. Yesterday was a curious day, so I'll tell them now if you'll have me
#DEPRACrollcall #SaveLockwoodandCo https://t.co/f01L1gvkHS",0.0,0.0,#DEPRACrollcall
1.669618465970303e+18,2023-06-16 08:10:36+00:00,CreatureBuff,"@amelia_argent @Awklepuff @yve_mary @lockwoodandco13 @VictordebraL @biscuitandco @AnittaBloom @viv_winternight You too!
#SaveLockwoodandCo #DEPRACrollcall",0.0,0.0,#DEPRACrollcall
1.6696183764386284e+18,2023-06-16 08:10:15+00:00,CreatureBuff,"@lockwoodandco13 I do! ‚ò∫Ô∏è
#SaveLockwoodandCo #DEPRACrollcall",0.0,0.0,#DEPRACrollcall
1.669617789064061e+18,2023-06-16 08:07:55+00:00,amelia_argent,"@lockwoodandco13 @011scenes @viv_winternight @buckleysvfxs @TSwiftLyricsBot @BejeweledHaze @whereyouleftmia @lockeybae @scatteredxlove @netflix @taylorswift13 @celestialswiftt Awww! I'm so happy to be in your circle! ü•∞ Thank you, Paulinaüíúü´Ç
#SaveLockwoodandCo #DEPRACrollcall
Lockwood and Co‚öîÔ∏èüíú",0.0,0.0,#DEPRACrollcall
1.6696171824334766e+18,2023-06-16 08:05:30+00:00,amelia_argent,"@biscuitandco @Awklepuff @yve_mary @lockwoodandco13 @CreatureBuff @VictordebraL @AnittaBloom @viv_winternight Hey! Of course you are! I'm glad to see you hereüíñ
#SaveLockwoodandCo #DEPRACrollcall
Lockwood and Co‚öîÔ∏èüíú",1.0,0.0,#DEPRACrollcall
1.6696168972418253e+18,2023-06-16 08:04:22+00:00,amelia_argent,"@elisa_dispe9090 @meganl43 @MagEugenia @SaveLockwood_Co @ellednoril @savelockwoodnco @netflix @nemesisn15 Hey! I'm so happy to see you thereü•∞‚ù§
#SaveLockwoodandCo #DEPRACrollcall
Lockwood and Co‚öîÔ∏èüíú",0.0,0.0,#DEPRACrollcall
1.669616615699239e+18,2023-06-16 08:03:15+00:00,amelia_argent,"@CreatureBuff @Thebiscuitrule @cassiesnowberry @DarkCyclePizza @AnittaBloom @afflictionism @Platypus1060411 @lockwoodandco13 @Lockwood1494 @yve_mary @biscuitandco @hollowgirlhan Good morning! I'm so happy to be in your circle! ü•∞‚ù§
#SaveLockwoodandCo #DEPRACrollcall
Lockwood and Co‚öîÔ∏èüíú",0.0,0.0,#DEPRACrollcall
1.669616458505044e+18,2023-06-16 08:02:38+00:00,DarkCyclePizza,"@amelia_argent @Awklepuff @yve_mary @lockwoodandco13 @CreatureBuff @VictordebraL @biscuitandco @AnittaBloom @viv_winternight It really is üòÑ
#SaveLockwoodandCo #DEPRACrollcall",1.0,0.0,#DEPRACrollcall
1.6696161694336696e+18,2023-06-16 08:01:29+00:00,avcdsmthrules,RT @KazAndWaffles: Barnes is trending this morning! What a perfect coincidence for #DEPRACrollcall day! #SaveLockwoodandCo Lockwood and Co‚Ä¶,0.0,4.0,#DEPRACrollcall
1.669616158247465e+18,2023-06-16 08:01:26+00:00,amelia_argent,"@DarkCyclePizza @Awklepuff @yve_mary @lockwoodandco13 @CreatureBuff @VictordebraL @biscuitandco @AnittaBloom @viv_winternight Hey! I'm happy to see you here! ‚ù§‚ú®
And Lockwood's bum is üî•
#SaveLockwoodandCo #DEPRACrollcall
Lockwood and Co‚öîÔ∏èüíú",0.0,0.0,#DEPRACrollcall
1.66961579819153e+18,2023-06-16 08:00:00+00:00,amelia_argent,"@CreatureBuff @Awklepuff @yve_mary @lockwoodandco13 @VictordebraL @biscuitandco @AnittaBloom @viv_winternight Hi! Have a wonderful day! ü•∞‚ù§
#SaveLockwoodandCo #DEPRACrollcall
Lockwood and Co‚öîÔ∏èüíú",1.0,0.0,#DEPRACrollcall
1.6696156313841009e+18,2023-06-16 07:59:21+00:00,amelia_argent,"@TheEvaEm @Winchester598 @bunnyellabell @ysabellabee @DarkCyclePizza @lala_slide @GeorginaStroud1 @anniesads_ @Thebiscuitrule @lvjysghosts @lockwoody_ Hi, Eva! Have a nice day! üíï
#SaveLockwoodandCo #DEPRACrollcall
Lockwood and Co‚öîÔ∏èüíú",1.0,0.0,#DEPRACrollcall
1.6696154078864876e+18,2023-06-16 07:58:27+00:00,amelia_argent,"@anniesads_ Hey! Yes!!! You are hereüòéüíï
#SaveLockwoodandCo #DEPRACrollcall
Lockwood and Co‚öîÔ∏èüíú",0.0,0.0,#DEPRACrollcall
1.6696151897155584e+18,2023-06-16 07:57:35+00:00,amelia_argent,"@Lulu_Here_ Hey, Lulu! I'm so glad to see you hereüíñü•∞
#SaveLockwoodandCo #DEPRACrollcall
Lockwood and Co‚öîÔ∏èüíú",0.0,0.0,#DEPRACrollcall
1.6696149059834184e+18,2023-06-16 07:56:28+00:00,amelia_argent,"@Awklepuff @yve_mary @lockwoodandco13 @CreatureBuff @VictordebraL @biscuitandco @AnittaBloom @viv_winternight Heeeey! I'm so glad you are here‚ù§‚ù§‚ù§
#SaveLockwoodandCo #DEPRACrollcall
Lockwood and Co‚öîÔ∏èüíú",0.0,0.0,#DEPRACrollcall
1.6696144814737818e+18,2023-06-16 07:54:46+00:00,amelia_argent,"@AnittaBloom Hey, Anna! üíúThank you! I'm so glad to be part of your Twitter circle ü•∞
#SaveLockwoodandCo #DEPRACrollcall
Lockwood and Co‚öîÔ∏èüíú",0.0,0.0,#DEPRACrollcall
1.669613883181478e+18,2023-06-16 07:52:24+00:00,amelia_argent,"@MagEugenia I'm happy to see you here, Eugenia‚ù§ Have a nice dayüòä‚ú®
#SaveLockwoodandCo #DEPRACrollcall
Lockwood and Co‚öîÔ∏èüíú",1.0,0.0,#DEPRACrollcall
1.669613414816301e+18,2023-06-16 07:50:32+00:00,carlyleons,"#SaveLockwoodandCo #DEPRACRollCall
Lockwood and Co",0.0,0.0,#DEPRACrollcall
1.66961322439492e+18,2023-06-16 07:49:47+00:00,amelia_argent,"@Godsgirljune Thank you! Have a wonderful day, Leah! üíúüíúüíú
#SaveLockwoodandCo #DEPRACrollcall
Lockwood and Co‚öîÔ∏èüíú",0.0,0.0,#DEPRACrollcall
1.6696131948166758e+18,2023-06-16 07:49:40+00:00,ellednoril,"Just wanted to say that Locknation is the MOST detail-oriented fandom ever! üòç‚ù§Ô∏è ü•∞
#SaveLockwoodandCo #DEPRACrollcall",0.0,0.0,#DEPRACrollcall
1.669613066177192e+18,2023-06-16 07:49:09+00:00,amelia_argent,"@AnittaBloom Good morning, Anna üíñ I hope you will have a nice dayüòä‚ú®
#SaveLockwoodandCo #DEPRACrollcall
Lockwood and Co‚öîÔ∏èüíú",0.0,0.0,#DEPRACrollcall
1.6696124919433134e+18,2023-06-16 07:46:52+00:00,amelia_argent,"Hey, LockNation! ‚öîÔ∏èüíú
Our hashtag for today is #DEPRACrollcall Let's do 35 DAYS trending! 
Today we share our favorite moments from interview! It's gonna be fun, LockNation!
Have a lovely day‚ù§ü´Ç
Also, don't forget to add Lockwood and Co to every your tweet and #SaveLockwoodandCo https://t.co/jkb0bONsEV",7.0,0.0,#DEPRACrollcall
1.66961239378824e+18,2023-06-16 07:46:29+00:00,alice_mirror_,"@nemesisn15 @viv_winternight @Godsgirljune @lavenderghostco not entirely sure I can recommend doing it))) except for Jack's sake, because it's nice to see him even for a short time)
#SaveLockwoodandCo 
#DEPRACrollcall
For Lockwood and Co ü™∂‚öîÔ∏èü™∂",0.0,0.0,#DEPRACrollcall
1.6696110248304067e+18,2023-06-16 07:41:02+00:00,amelia_argent,RT @KazAndWaffles: Barnes is trending this morning! What a perfect coincidence for #DEPRACrollcall day! #SaveLockwoodandCo Lockwood and Co‚Ä¶,0.0,4.0,#DEPRACrollcall
1.6696108448569385e+18,2023-06-16 07:40:19+00:00,amelia_argent,"Morning starts with two our hashtags in trending section ‚ò∫ I love it! 
Good morning, LockNation! üíúü•∞ What a wonderful morning! 
#SaveLockwoodandCo #DEPRACrollcall 
Lockwood and Co‚öîÔ∏è https://t.co/EcgEfZhkDR",4.0,0.0,#DEPRACrollcall
1.6696107786959872e+18,2023-06-16 07:40:04+00:00,alice_mirror_,"@viv_winternight For Lockwood and Co - and for Kippy ü™∂‚öîÔ∏èü™∂
#SaveLockwoodandCo
#DEPRACrollcall",0.0,0.0,#DEPRACrollcall
1.6696098972042772e+18,2023-06-16 07:36:34+00:00,LuceGhafa,@Awklepuff Hi!! I‚Äôm very tired. Have a great day #SaveLockwoodandCo #DEPRACrollcall Lockwood and Co,0.0,0.0,#DEPRACrollcall
1.6696098204442952e+18,2023-06-16 07:36:15+00:00,SanyaAneja2,RT @yve_mary: @SanyaAneja2 üòçüòçüòç#SaveLockwoodandCo #DEPRACrollcall Lockwood and Co,0.0,1.0,#DEPRACrollcall
1.6696094696118477e+18,2023-06-16 07:34:52+00:00,SanyaAneja2,"RT @yve_mary: Good morning! There is already tons of love around hereü•πü´∂ I am so proud of everyone, we have achieved so much! Sending my lov‚Ä¶",0.0,1.0,#DEPRACrollcall
1.6696082724737884e+18,2023-06-16 07:30:06+00:00,amazonlite2727,"RT @CreatureBuff: My trends have not have their coffee yet, hanging behind a little. üòÑ But I am happy to see Lockwood related hashtags at a‚Ä¶",0.0,1.0,#DEPRACrollcall
1.6696079951125832e+18,2023-06-16 07:29:00+00:00,_maria_mont,"@Lulu_Here_ Helloo 
#SaveLockwoodandCo #DEPRACrollcall https://t.co/hwEbLeXu5l",0.0,0.0,#DEPRACrollcall
1.6696079878355436e+18,2023-06-16 07:28:58+00:00,CreatureBuff,"@Awklepuff Hellooooo! Clinging to my second cup of coffee now, still tired. Don't know if this day will work for me. üòÑ

#SaveLockwoodandCo #DEPRACrollcall",0.0,0.0,#DEPRACrollcall
1.669607769891119e+18,2023-06-16 07:28:06+00:00,lovinpages,RT @KazAndWaffles: Barnes is trending this morning! What a perfect coincidence for #DEPRACrollcall day! #SaveLockwoodandCo Lockwood and Co‚Ä¶,0.0,4.0,#DEPRACrollcall
1.669607750647595e+18,2023-06-16 07:28:02+00:00,_maria_mont,"@blue_mirmaid ü´∂üèª 
#SaveLockwoodandCo #DEPRACrollcall",0.0,0.0,#DEPRACrollcall
1.6696075241007104e+18,2023-06-16 07:27:08+00:00,CreatureBuff,"My trends have not have their coffee yet, hanging behind a little. üòÑ But I am happy to see Lockwood related hashtags at any time. üíú
#SaveLockwoodandCo #DEPRACrollcall https://t.co/9SdZLaW9rZ",4.0,1.0,#DEPRACrollcall
1.6696055575930552e+18,2023-06-16 07:19:19+00:00,Awklepuff,"@biscuitandco ü´∂ü´∂ü´∂

#SaveLockwoodandCo #DEPRACrollcall

Lockwood and Co",1.0,0.0,#DEPRACrollcall
1.6696045265867244e+18,2023-06-16 07:15:13+00:00,AlinchenBee,"Ahh Lav. Warming my heart so early in the morning ‚ù§Ô∏è
I needed that today #DEPRACrollcall #SaveLockwoodandCo https://t.co/BLMvAlheuC https://t.co/lcCqovEEbQ",1.0,0.0,#DEPRACrollcall
1.6696044357675704e+18,2023-06-16 07:14:51+00:00,LuceGhafa,@lvjysghosts Why? Just why? #SaveLockwoodandCo #DEPRACrollcall,1.0,0.0,#DEPRACrollcall
1.669604297196335e+18,2023-06-16 07:14:18+00:00,Lulu_Here_,@anniesads_ Baka kapag natapos ko toh di ko na basahin ung the empty grave HAHAHHAHAHA #SaveLockwoodandCo #DEPRACrollcall Lockwood and Co,0.0,0.0,#DEPRACrollcall
1.6696032522146734e+18,2023-06-16 07:10:09+00:00,KazAndWaffles,Barnes is trending this morning! What a perfect coincidence for #DEPRACrollcall day! #SaveLockwoodandCo Lockwood and Co https://t.co/sGKEpyGOJR,9.0,4.0,#DEPRACrollcall
1.6696018260759798e+18,2023-06-16 07:04:29+00:00,pinkysparkleshy,"They‚Äôre so lucky ü•∫.

#SaveLockwoodandCo #BringbackLockwoodandCo #DEPRACRollCall #ACNH #AnimalCrossing #LucyCarlyle #AnthonyLockwood #GeorgeKarim #LockwoodandCo @NetflixUK https://t.co/DE7Vsupboo",0.0,0.0,#DEPRACrollcall
1.6696007182551613e+18,2023-06-16 07:00:05+00:00,CreatureBuff,"@GoodOmen6 Oh no, not with the sand! I'm calling Lockwood &amp; Co for help!
Oh, interesting thought. How would that turn out? ü§î
#DEPRACrollcall #SaveLockwoodandCo",1.0,0.0,#DEPRACrollcall
1.6696006249236275e+18,2023-06-16 06:59:43+00:00,AlinchenBee,"@machabutterfly Yes, yes, yes and absolutely yes!
#SaveLockwoodandCo 
#DEPRACrollcall",0.0,0.0,#DEPRACrollcall
1.6696004212649083e+18,2023-06-16 06:58:54+00:00,biscuitandco,"@Awklepuff The pic üòÇüòÇüåû
Good morning (or afternoon)! ü´∂
#SaveLockwoodandCo #DEPRACrollcall
Lockwood and Co",1.0,0.0,#DEPRACrollcall
1.6695998918599311e+18,2023-06-16 06:56:48+00:00,AlinchenBee,"@BasicClik It is so frustrating üò©
#SaveLockwoodandCo #DEPRACrollcall Lockwood and Co",1.0,0.0,#DEPRACrollcall
1.6695996944759112e+18,2023-06-16 06:56:01+00:00,ViAr_1507,@netflix Shame on you netflix! It must be Lockwood and Co renewal for season 2 and 3! #SaveLockwoodandCo #DEPRACrollcall,0.0,0.0,#DEPRACrollcall
1.6695990783327355e+18,2023-06-16 06:53:34+00:00,AlinchenBee,"One can only hope ü§ûü§û
#SaveLockwoodandCo 
#DEPRACrollcall https://t.co/neoFTk50Gn",1.0,1.0,#DEPRACrollcall
1.669598682470318e+18,2023-06-16 06:52:00+00:00,Lulu_Here_,@_maria_mont aye im there! #SaveLockwoodandCo #DEPRACrollcall Lockwood and Co https://t.co/grGh5cStZZ,1.0,0.0,#DEPRACrollcall
1.6695986598124012e+18,2023-06-16 06:51:54+00:00,biscuitandco,"@Platypus1060411 Aww I'm here! ü§ó‚ù§Ô∏è
#SaveLockwoodandCo #DEPRACrollcall
Lockwood and Co https://t.co/3ZwChA1k6T",0.0,0.0,#DEPRACrollcall
1.6695985756830433e+18,2023-06-16 06:51:34+00:00,viv_winternight,"@CreatureBuff @phinlands Agree.

#SaveLockwoodandCo #DEPRACrollcall Lockwood and Co",1.0,0.0,#DEPRACrollcall
1.6695980339008963e+18,2023-06-16 06:49:25+00:00,Lulu_Here_,@CreatureBuff yess especially when the family thought he was selfish with cash #SaveLockwoodandCo #DEPRACrollcall Lockwood and Co,1.0,0.0,#DEPRACrollcall
1.6695979534078116e+18,2023-06-16 06:49:06+00:00,CreatureBuff,"@GoodOmen6 I'm tired too and clinging to my coffee cup. But hey, the weekend is near!
#DEPRACrollcall #SaveLockwoodandCo",1.0,0.0,#DEPRACrollcall
1.6695976372537098e+18,2023-06-16 06:47:51+00:00,biscuitandco,"@CreatureBuff üòÇüòÇüòÇ
Good morning! ü•∞
#SaveLockwoodandCo #DEPRACrollcall
Lockwood and Co",1.0,0.0,#DEPRACrollcall
1.669597079314768e+18,2023-06-16 06:45:37+00:00,CreatureBuff,"@biscuitandco üòÇüòÇüòÇ Love the gif! Hello üëãüëãüëã
#DEPRACrollcall #SaveLockwoodandCo",1.0,0.0,#DEPRACrollcall
1.6695969563000463e+18,2023-06-16 06:45:08+00:00,CreatureBuff,"@Lockwood1494 Oh, nothing to thank me for!
#DEPRACrollcall #SaveLockwoodandCo",1.0,0.0,#DEPRACrollcall
1.669595719982891e+18,2023-06-16 06:40:13+00:00,biscuitandco,"@CreatureBuff I see me I see me!! ü§©ü•≥
#SaveLockwoodandCo #DEPRACrollcall
Lockwood and Co https://t.co/4Xwwhkm7pU",1.0,0.0,#DEPRACrollcall
1.6695953125817467e+18,2023-06-16 06:38:36+00:00,orecchiett,"@HenshinAsset @NetflixUK Welcome among us üòé
#SaveLockwoodandCo #DEPRACrollcall https://t.co/nVCNuazl3x",1.0,0.0,#DEPRACrollcall
1.6695949387811922e+18,2023-06-16 06:37:07+00:00,viv_winternight,"@alice_mirror_ I watched two BM episodes yesterday, the first and then I jumped to 4 for Jack (I was distracted while watching and then I heard his voice and.. ü•π).
Anyway, I just want to say that I want Lockwood and Co back. That's The SHOW.

#SaveLockwoodandCo
#DEPRACrollcall",2.0,0.0,#DEPRACrollcall
1.669594633377022e+18,2023-06-16 06:35:54+00:00,avcdsmthrules,"RT @CreatureBuff: Well hello, new hashtag! Today it's time for #DEPRACrollcall. Very excited about what's going to happen! Also, today's to‚Ä¶",0.0,1.0,#DEPRACrollcall
1.6695943737118802e+18,2023-06-16 06:34:52+00:00,CreatureBuff,"Well hello, new hashtag! Today it's time for #DEPRACrollcall. Very excited about what's going to happen! Also, today's topic of discussion are all the interview moments you love. Looking forward to that very much, I missed a lot of them before I came to twitter #SaveLockwoodandCo https://t.co/7mhgWNnHcU",8.0,1.0,#DEPRACrollcall
1.669594076453253e+18,2023-06-16 06:33:42+00:00,yve_mary,@HenshinAsset @UKChange Thank you so much for sharing!! #SaveLockwoodandCo  #DEPRACrollcall ‚öîÔ∏èLockwood and Co,1.0,0.0,#DEPRACrollcall
1.6695935850026353e+18,2023-06-16 06:31:44+00:00,afflictionism,"real picture of me trying to think of a title for my fic 

#SaveLockwoodandCo
#DEPRACrollcall
Lockwood and Co https://t.co/TqMG5K0Lif",2.0,0.0,#DEPRACrollcall
1.6695935388275261e+18,2023-06-16 06:31:33+00:00,cassiesnowberry,"@ellednoril Hello friend!! üëã‚ò∫Ô∏èü§ó

‚ù§Ô∏è‚öîÔ∏è‚ù§Ô∏è‚öîÔ∏è
LOCKWOOD AND CO
#SaveLockwoodandCo
#DEPRACrollcall",1.0,0.0,#DEPRACrollcall
1.6695931966349722e+18,2023-06-16 06:30:12+00:00,biscuitandco,"@AnittaBloom Hellooo ü§óü•∞
#SaveLockwoodandCo #DEPRACrollcall
Lockwood and Co https://t.co/08OZkBGHme",0.0,0.0,#DEPRACrollcall
1.6695931838466294e+18,2023-06-16 06:30:09+00:00,yve_mary,@CreatureBuff same hereüòÖit's so overwhelming to see all those amazing worküòç #SaveLockwoodandCo #DEPRACrollcall Lockwood and Co,1.0,0.0,#DEPRACrollcall
1.6695928473462006e+18,2023-06-16 06:28:48+00:00,cassiesnowberry,"@chaotic_gumball That‚Äôs you!! So happy to have you there!

‚ù§Ô∏è‚öîÔ∏è‚ù§Ô∏è‚öîÔ∏è
LOCKWOOD AND CO
#SaveLockwoodandCo
#DEPRACrollcall",0.0,0.0,#DEPRACrollcall
1.669592673789911e+18,2023-06-16 06:28:07+00:00,viv_winternight,"@lavenderghostco It's nice that Lav can also be sweet, other than posting THAT pic.
I agree, by the way. üòä

#SaveLockwoodandCo #DEPRACrollcall Lockwood and Co",0.0,0.0,#DEPRACrollcall
1.669591908652548e+18,2023-06-16 06:25:05+00:00,cassiesnowberry,"@AnittaBloom &amp; I‚Äôm so glad you are!
ü§ó‚ò∫Ô∏èü§ó

‚ù§Ô∏è‚öîÔ∏è‚ù§Ô∏è‚öîÔ∏è
LOCKWOOD AND CO
#SaveLockwoodandCo
#DEPRACrollcall",0.0,0.0,#DEPRACrollcall
1.66959168082611e+18,2023-06-16 06:24:10+00:00,yve_mary,@SanyaAneja2 üòçüòçüòç#SaveLockwoodandCo #DEPRACrollcall Lockwood and Co,1.0,1.0,#DEPRACrollcall
1.6695916240437125e+18,2023-06-16 06:23:57+00:00,ellednoril,"@cassiesnowberry Oh, hellloooo! ‚ò∫Ô∏è ‚ù§Ô∏è 
#SaveLockwoodandCo #DEPRACrollcall",1.0,0.0,#DEPRACrollcall
1.6695914815885435e+18,2023-06-16 06:23:23+00:00,cassiesnowberry,"@biscuitandco Haha yesssss ü§ó‚ò∫Ô∏èü•≥

‚ù§Ô∏è‚öîÔ∏è‚ù§Ô∏è‚öîÔ∏è
LOCKWOOD AND CO
#SaveLockwoodandCo
#DEPRACrollcall https://t.co/iYMrfZag4G",1.0,0.0,#DEPRACrollcall
1.6695914518885007e+18,2023-06-16 06:23:16+00:00,yve_mary,@twinklyslut yesssssü•≥ always love to see this!!! #SaveLockwoodandCo #DEPRACrollcall Lockwood and Co,0.0,0.0,#DEPRACrollcall
1.6695913207913267e+18,2023-06-16 06:22:45+00:00,CreatureBuff,"@SaveLockwood_Co Give Leo a hug while he's waiting! 
#SaveLockwoodandCo #DEPRACrollcall",1.0,0.0,#DEPRACrollcall
1.6695911359440732e+18,2023-06-16 06:22:00+00:00,yve_mary,@jalynp omgüòµit really does!! #SaveLockwoodandCo #DEPRACrollcall Lockwood and Co,0.0,0.0,#DEPRACrollcall
1.6695909370879017e+18,2023-06-16 06:21:13+00:00,biscuitandco,"@cassiesnowberry Heey it's me!! ü§©üòç
#SaveLockwoodandCo #DEPRACrollcall
Lockwood and Co https://t.co/dKXfSlOe6o",1.0,0.0,#DEPRACrollcall
1.6695907513767322e+18,2023-06-16 06:20:29+00:00,CreatureBuff,"@ellednoril Happy to have you!!! ‚ò∫Ô∏è
#SaveLockwoodandCo #DEPRACrollcall",1.0,0.0,#DEPRACrollcall
1.6695906737988854e+18,2023-06-16 06:20:10+00:00,CreatureBuff,"@alice_mirror_ @lavenderghostco @viv_winternight @Godsgirljune @Awklepuff @lockwoody_ @bunnyellabell @nemesisn15 Good morning, love!! Wouldn't want to miss fighting and laughing with you! ü´∂
#SaveLockwoodandCo #DEPRACrollcall",3.0,0.0,#DEPRACrollcall
1.6695905466108928e+18,2023-06-16 06:19:40+00:00,yve_mary,@Godsgirljune definitely a sign! So many of them latelyüòçü§ûü§û#SaveLockwoodandCo #DEPRACrollcall Lockwood and Co,0.0,0.0,#DEPRACrollcall
1.6695904695950213e+18,2023-06-16 06:19:22+00:00,ellednoril,"@CreatureBuff Good morning! ‚ò∫Ô∏è Happy to meet you here and be part of your circle! ‚ù§Ô∏è
#SaveLockwoodandCo #DEPRACrollcall",1.0,0.0,#DEPRACrollcall
1.6695904034592932e+18,2023-06-16 06:19:06+00:00,CreatureBuff,"@nemesisn15 @lavenderghostco @alice_mirror_ @viv_winternight @Godsgirljune @Awklepuff @lockwoody_ @bunnyellabell OF COURSE!!! ü§óü§óü§ó
#SaveLockwoodandCo #DEPRACrollcall",3.0,0.0,#DEPRACrollcall
1.66959033448414e+18,2023-06-16 06:18:49+00:00,cassiesnowberry,"@DarkCyclePizza Haha wouldn‚Äôt have it any other way.
üòÇü§ó‚ò∫Ô∏è

‚ù§Ô∏è‚öîÔ∏è‚ù§Ô∏è‚öîÔ∏è
LOCKWOOD AND CO
#SaveLockwoodandCo
#DEPRACrollcall",1.0,0.0,#DEPRACrollcall
1.669590220562473e+18,2023-06-16 06:18:22+00:00,CreatureBuff,"40 Minutes and I am still roaming through last night's tweets, you guys have been really busy! üò±
#SaveLockwoodandCo #DEPRACrollcall",2.0,0.0,#DEPRACrollcall
1.669590167441625e+18,2023-06-16 06:18:10+00:00,alice_mirror_,"@CreatureBuff @lavenderghostco @viv_winternight @Godsgirljune @Awklepuff @lockwoody_ @bunnyellabell @nemesisn15 Good morning, Nic! 
Well, how good I am (c) üòÇ
Pleasure to be here with you and all these amazing people! Let's fight  for Lockwood and Co and have fun to the victory. And then - just have fun üòâ
#SaveLockwoodandCo 
#DEPRACrollcall",4.0,0.0,#DEPRACrollcall
1.6695899930426327e+18,2023-06-16 06:17:28+00:00,cassiesnowberry,"@DarkCyclePizza @lockeybae @the_hollowgirl @lockwoody_ ‚ù§Ô∏è‚öîÔ∏è‚ù§Ô∏è‚öîÔ∏è
LOCKWOOD AND CO
#SaveLockwoodandCo
#DEPRACrollcall https://t.co/vFCma1uFhd",1.0,0.0,#DEPRACrollcall
1.6695895100349645e+18,2023-06-16 06:15:33+00:00,cassiesnowberry,"@yve_mary Hiiiii ‚ò∫Ô∏èü§óü´Ç‚ù§Ô∏è

‚ù§Ô∏è‚öîÔ∏è‚ù§Ô∏è‚öîÔ∏è
LOCKWOOD AND CO
#SaveLockwoodandCo
#DEPRACrollcall https://t.co/Ky1boywXRH",1.0,0.0,#DEPRACrollcall
1.6695891943253484e+18,2023-06-16 06:14:18+00:00,CreatureBuff,"@phinlands Stardust isn't random, it's movie magic!
#SaveLockwoodandCo #DEPRACrollcall",1.0,0.0,#DEPRACrollcall
1.6695890582662103e+18,2023-06-16 06:13:45+00:00,yve_mary,"Good morning! There is already tons of love around hereü•πü´∂ I am so proud of everyone, we have achieved so much! Sending my love to you all‚ô•Ô∏è #SaveLockwoodandCo #DEPRACrollcall https://t.co/bFQBc7cIR6",8.0,1.0,#DEPRACrollcall
1.6695882782263296e+18,2023-06-16 06:10:39+00:00,biscuitandco,"@amelia_argent @Awklepuff @yve_mary @lockwoodandco13 @CreatureBuff @VictordebraL @AnittaBloom @viv_winternight Ah I'm in the circle! üòÉ Hiiii ü§ó
#SaveLockwoodandCo #DEPRACrollcall
Lockwood and Co https://t.co/ROpcWjg0Ty",4.0,0.0,#DEPRACrollcall
1.6695881980061737e+18,2023-06-16 06:10:20+00:00,_maria_mont,"@VicthoriaAnne Hello! üíó 
#SaveLockwoodandCo #DEPRACrollcall",1.0,0.0,#DEPRACrollcall
1.669588067777147e+18,2023-06-16 06:09:49+00:00,_maria_mont,"@Platypus1060411 üëèüèªüëèüèª 
#SaveLockwoodandCo #DEPRACrollcall",0.0,0.0,#DEPRACrollcall
1.6695878159554068e+18,2023-06-16 06:08:49+00:00,CreatureBuff,"@Thebiscuitrule It wouldn't be the same without you! ü§ó
#SaveLockwoodandCo #DEPRACrollcall",1.0,0.0,#DEPRACrollcall
1.6695877279126733e+18,2023-06-16 06:08:28+00:00,CreatureBuff,"@Awklepuff @lavenderghostco @alice_mirror_ @viv_winternight @Godsgirljune @lockwoody_ @bunnyellabell @nemesisn15 You too!!! ü§ó‚ò∫Ô∏è
#SaveLockwoodandCo #DEPRACrollcall",2.0,0.0,#DEPRACrollcall
1.6695876808945254e+18,2023-06-16 06:08:17+00:00,_maria_mont,"@CreatureBuff Yay! 
#SaveLockwoodandCo #DEPRACrollcall",1.0,0.0,#DEPRACrollcall
1.669587668244611e+18,2023-06-16 06:08:14+00:00,CreatureBuff,"@viv_winternight @lavenderghostco @alice_mirror_ @Godsgirljune @Awklepuff @lockwoody_ @bunnyellabell @nemesisn15 Good morning Vi!!! ü§óü§óü§ó
#SaveLockwoodandCo #DEPRACrollcall",3.0,0.0,#DEPRACrollcall
1.6695875641167544e+18,2023-06-16 06:07:49+00:00,CreatureBuff,"@AlinchenBee Hellooooo ‚ò∫Ô∏è
#SaveLockwoodandCo #DEPRACrollcall",0.0,0.0,#DEPRACrollcall
1.6695874778483794e+18,2023-06-16 06:07:28+00:00,AlinchenBee,"@cassiesnowberry Hello little me! I'm so happy to be in your circle ü•∞
#SaveLockwoodandCo
#DEPRACrollcall",1.0,0.0,#DEPRACrollcall
1.6695873408161546e+18,2023-06-16 06:06:56+00:00,Thebiscuitrule,@CreatureBuff Helloooo! Honoured to see me and my biscuitself among your circle ü•∞ #SaveLockwoodandCo #DEPRACrollcall,1.0,0.0,#DEPRACrollcall
1.669587319563903e+18,2023-06-16 06:06:51+00:00,Awklepuff,"@CreatureBuff @lavenderghostco @alice_mirror_ @viv_winternight @Godsgirljune @lockwoody_ @bunnyellabell @nemesisn15 Hellooooo üëãüëã, hope you have a good day today!

#SaveLockwoodandCo #DEPRACrollcall",2.0,0.0,#DEPRACrollcall
1.6695872297887416e+18,2023-06-16 06:06:29+00:00,viv_winternight,"@CreatureBuff @lavenderghostco @alice_mirror_ @Godsgirljune @Awklepuff @lockwoody_ @bunnyellabell @nemesisn15 Morning Nic!

#SaveLockwoodandCo #DEPRACrollcall Lockwood and Co",3.0,0.0,#DEPRACrollcall
1.6695871776914022e+18,2023-06-16 06:06:17+00:00,CreatureBuff,"I did not need to think about Julius Winkman at 8 in the morning, but ok. BOOK SPOILERS ahead!
#SaveLockwoodandCo #DEPRACrollcall https://t.co/sxFIwW6nPB",1.0,0.0,#DEPRACrollcall
1.669587010737021e+18,2023-06-16 06:05:37+00:00,yve_mary,"@Awklepuff Good morningüòä doing good so far, hope you do tooü´∂ #SaveLockwoodandCo #DEPRACrollcall Lockwood and Co",1.0,0.0,#DEPRACrollcall
1.6695868916356547e+18,2023-06-16 06:05:09+00:00,CreatureBuff,"@AnaLusaD1 Oh my god! üò±üò±üò± Now that you mention it! It's like the show writers took their inspiration for the Winkman scene from Winkman himself.
#SaveLockwoodandCo #DEPRACrollcall",0.0,0.0,#DEPRACrollcall
1.6695867345463951e+18,2023-06-16 06:04:31+00:00,AlinchenBee,"@CreatureBuff Yes there is a lot. Very annoying üòí
#DEPRACrollcall
#SaveLockwoodandCo",1.0,0.0,#DEPRACrollcall
1.6695864793146204e+18,2023-06-16 06:03:30+00:00,VicthoriaAnne,"@AnittaBloom awww, and I'm hereee! ü´∂üèªü•∫üíú
#SaveLockwoodandCo #DEPRACrollcall",0.0,0.0,#DEPRACrollcall
1.6695862162142495e+18,2023-06-16 06:02:28+00:00,AlinchenBee,"@CreatureBuff Ohh I'm in another circle. I'm so flattered ü•∞
#SaveLockwoodandCo
#DEPRACrollcall",1.0,0.0,#DEPRACrollcall
1.6695861931413832e+18,2023-06-16 06:02:22+00:00,VicthoriaAnne,"@_maria_mont I do! üíú hiya!
#SaveLockwoodandCo #DEPRACrollcall",1.0,0.0,#DEPRACrollcall
1.6695860432453222e+18,2023-06-16 06:01:46+00:00,CreatureBuff,"Anybody else's timeline crammed with ads? Since yesterday, I see one ad every two tweets, it's so annoying!!!
#SaveLockwoodandCo #DEPRACrollcall",3.0,0.0,#DEPRACrollcall
1.669586000580952e+18,2023-06-16 06:01:36+00:00,DarkCyclePizza,@cassiesnowberry Hello üëã The bum is back üòâ #SaveLockwoodandCo #DEPRACrollcall,1.0,0.0,#DEPRACrollcall
1.669585779071279e+18,2023-06-16 06:00:43+00:00,yve_mary,@CreatureBuff @amelia_argent @Awklepuff @lockwoodandco13 @VictordebraL @biscuitandco @AnittaBloom @viv_winternight Guten Morgenüåûü´∂ #SaveLockwoodandCo #DEPRACrollcall Lockwood and Co,3.0,0.0,#DEPRACrollcall
1.6695857274603684e+18,2023-06-16 06:00:31+00:00,CreatureBuff,"@Platypus1060411 @cassiesnowberry Good point! The circles change on a daily basis, I think they only show who you interacted with the most in the last days. Hors maybe.
#SaveLockwoodandCo #DEPRACrollcall",0.0,0.0,#DEPRACrollcall
1.6695854370049065e+18,2023-06-16 05:59:22+00:00,CreatureBuff,"@_maria_mont I do! ‚ò∫Ô∏è
#SaveLockwoodandCo #DEPRACrollcall",1.0,0.0,#DEPRACrollcall
1.6695852714052895e+18,2023-06-16 05:58:42+00:00,AlinchenBee,"@AnittaBloom @AnaLusaD1 Woah! I can't believe I'm in a circle. For some reason I feel very proud and flattered ü•∞
#SaveLockwoodandCo
#DEPRACrollcall",0.0,0.0,#DEPRACrollcall
1.6695851297177764e+18,2023-06-16 05:58:08+00:00,eamenir,Any #Locklyle fanfic you can recommend? Preferably completed ones and angsty? I'm on a Lockyle angst roll today. #SaveLockwoodandCo #DEPRACrollcall,0.0,0.0,#DEPRACrollcall
1.6695849579356897e+18,2023-06-16 05:57:28+00:00,CreatureBuff,"@yve_mary Aawww ü´Ç
#SaveLockwoodandCo #DEPRACrollcall",1.0,0.0,#DEPRACrollcall
1.669584505219195e+18,2023-06-16 05:55:40+00:00,CreatureBuff,"@lavenderghostco That's scary üòß
#SaveLockwoodandCo #DEPRACrollcall",0.0,0.0,#DEPRACrollcall
1.669584316182012e+18,2023-06-16 05:54:55+00:00,yve_mary,@CreatureBuff Good morning Nic‚ô•Ô∏è ü´Çwhat an amazing way to wake up toü•π! #SaveLockwoodandCo #DEPRACrollcall,1.0,0.0,#DEPRACrollcall
1.66958406877261e+18,2023-06-16 05:53:56+00:00,CreatureBuff,"@MontaguBarnes @ajlockwoods @feyblabla Morning shift reporting for duty, Inspector!
#SaveLockwoodandCo #DEPRACrollcall",1.0,0.0,#DEPRACrollcall
1.6695840000868352e+18,2023-06-16 05:53:39+00:00,cassiesnowberry,"@CreatureBuff Haha yep! ‚ò∫Ô∏èü§ó

‚ù§Ô∏è‚öîÔ∏è‚ù§Ô∏è‚öîÔ∏è
LOCKWOOD AND CO
#SaveLockwoodandCo
#DEPRACrollcall https://t.co/3r6oRETEVw",2.0,0.0,#DEPRACrollcall
1.6695838757131674e+18,2023-06-16 05:53:09+00:00,CreatureBuff,"@gxldenmvlti That does make sense! üò± Totally! üò≠
#SaveLockwoodandCo #DEPRACrollcall",0.0,0.0,#DEPRACrollcall
1.6695836159849021e+18,2023-06-16 05:52:08+00:00,CreatureBuff,"@cassiesnowberry Ha, there I am! We're twitter circle buddies.
#SaveLockwoodandCo #DEPRACrollcall",1.0,0.0,#DEPRACrollcall
1.6695827532961628e+18,2023-06-16 05:48:42+00:00,CreatureBuff,"@DarkCyclePizza @Thebiscuitrule @cassiesnowberry @AnittaBloom @afflictionism @Platypus1060411 @amelia_argent @lockwoodandco13 @Lockwood1494 @yve_mary @biscuitandco @hollowgirlhan üòâ
#SaveLockwoodandCo #DEPRACrollcall",3.0,0.0,#DEPRACrollcall
1.6695826546714092e+18,2023-06-16 05:48:18+00:00,CreatureBuff,"@yve_mary @amelia_argent @Awklepuff @lockwoodandco13 @VictordebraL @biscuitandco @AnittaBloom @viv_winternight Guten Morgen! ‚ò∫Ô∏è
#SaveLockwoodandCo #DEPRACrollcall",4.0,0.0,#DEPRACrollcall
1.6695822340372316e+18,2023-06-16 05:46:38+00:00,DarkCyclePizza,"@CreatureBuff @Thebiscuitrule @cassiesnowberry @AnittaBloom @afflictionism @Platypus1060411 @amelia_argent @lockwoodandco13 @Lockwood1494 @yve_mary @biscuitandco @hollowgirlhan Hello üëã there's the bum again!! I know you love my PFP üòò
#SaveLockwoodandCo #DEPRACrollcall",4.0,0.0,#DEPRACrollcall
1.669582027887108e+18,2023-06-16 05:45:49+00:00,CreatureBuff,"@afflictionism It's you!!! ü§ó
#SaveLockwoodandCo #DEPRACrollcall",1.0,0.0,#DEPRACrollcall
1.6695819685042422e+18,2023-06-16 05:45:35+00:00,CreatureBuff,"@cassiesnowberry Good morning, happy to have you!
#SaveLockwoodandCo #DEPRACrollcall",1.0,0.0,#DEPRACrollcall
1.6695819585721303e+18,2023-06-16 05:45:32+00:00,DarkCyclePizza,"@CreatureBuff Haha - it worked again ü§£
#SaveLockwoodandCo #DEPRACrollcall https://t.co/NfgELae3Hl",2.0,0.0,#DEPRACrollcall
1.6695818915135078e+18,2023-06-16 05:45:16+00:00,CreatureBuff,"@orecchiett Well hello! 
#SaveLockwoodandCo #DEPRACrollcall",1.0,0.0,#DEPRACrollcall
1.6695817526778511e+18,2023-06-16 05:44:43+00:00,CreatureBuff,"@Locklyle_fan Oh no, I see it too. And I will never be able to un-see it. üò≠
#SaveLockwoodandCo #DEPRACrollcall",1.0,0.0,#DEPRACrollcall
1.6695814878915297e+18,2023-06-16 05:43:40+00:00,CreatureBuff,"@lockeybae @_maria_mont I love the design!
#SaveLockwoodandCo #DEPRACrollcall",0.0,0.0,#DEPRACrollcall
1.6695813712898744e+18,2023-06-16 05:43:12+00:00,CreatureBuff,"@lavenderghostco So true!!!
#SaveLockwoodandCo #DEPRACrollcall https://t.co/bvgEIng3FK",0.0,0.0,#DEPRACrollcall
1.669581271809368e+18,2023-06-16 05:42:49+00:00,orecchiett,"@fandomxgoddess Oh‚Ä¶. Oh no 
#SaveLockwoodandCo #DEPRACrollcall",0.0,0.0,#DEPRACrollcall
1.6695810640947937e+18,2023-06-16 05:41:59+00:00,orecchiett,"@julestales AHAHAHAHAHAHHAHAHAHAHAHAHAHAHAHAHAHA
#SaveLockwoodandCo #DEPRACrollcall",0.0,0.0,#DEPRACrollcall
1.6695808904044216e+18,2023-06-16 05:41:18+00:00,orecchiett,"@lavenderghostco @JonathanAStroud @FictionComplete Lav, speechless #SaveLockwoodandCo #DEPRACrollcall https://t.co/B3U8160x8P",0.0,0.0,#DEPRACrollcall
1.66958077139132e+18,2023-06-16 05:40:49+00:00,afflictionism,"@CreatureBuff it‚Äôs me!! good morning nic! 

#SaveLockwoodandCo
#DEPRACrollcall
Lockwood and Co",2.0,0.0,#DEPRACrollcall
1.669580718756774e+18,2023-06-16 05:40:37+00:00,CreatureBuff,"@Lulu_Here_ This is such a sad one!
#SaveLockwoodandCo #DEPRACrollcall",1.0,0.0,#DEPRACrollcall
1.6695806978777539e+18,2023-06-16 05:40:32+00:00,cassiesnowberry,"@CreatureBuff Good morning! I‚Äôm happy to be in your twitter circle ü§ó‚ò∫Ô∏è

‚ù§Ô∏è‚öîÔ∏è‚ù§Ô∏è‚öîÔ∏è
LOCKWOOD AND CO
#SaveLockwoodandCo
#DEPRACrollcall",1.0,0.0,#DEPRACrollcall
1.6695805551830917e+18,2023-06-16 05:39:58+00:00,orecchiett,"@CreatureBuff Hi dear 
#SaveLockwoodandCo #DEPRACrollcall https://t.co/Sg8ZKGR8VG",1.0,0.0,#DEPRACrollcall
1.669580405140521e+18,2023-06-16 05:39:22+00:00,cassiesnowberry,"RT @CreatureBuff: Good morning! Had a couple of these in my motifs after waking up, so I'll start the day with my twitter circle, too. Hell‚Ä¶",0.0,2.0,#DEPRACrollcall
1.6695801131663852e+18,2023-06-16 05:38:12+00:00,CreatureBuff,"@bunnyellabell I love this whole setup so much, it's amazing!!! I wish I could quit my job and start at Tendy's right away! üòç
#SaveLockwoodandCo #DEPRACrollcall",0.0,0.0,#DEPRACrollcall
1.6695795330103173e+18,2023-06-16 05:35:54+00:00,CreatureBuff,"@DarkCyclePizza Sure you do. Everywhere. Anytime. üòÇ
#SaveLockwoodandCo #DEPRACrollcall",3.0,1.0,#DEPRACrollcall
1.6695792233070223e+18,2023-06-16 05:34:40+00:00,CreatureBuff,"34. @Iff_ustin
35. @GeorginaStroud1
36. @JonathanAStroud
37. @savelockwoodnco
38. @vansunshin3
39. @AlinchenBee
40. @vel_electric
41. @lvjysghosts
42. @KazAndWaffles
43. @DisneyPlus
44. @PERC4B3TH
45. @MagEugenia

#SaveLockwoodandCo #DEPRACrollcall",3.0,0.0,#DEPRACrollcall
1.669579220811432e+18,2023-06-16 05:34:40+00:00,CreatureBuff,"Circle 2
21. @RebekahBlazek
22. @NeededRoads
23. @ArwenTheWriter
24. @wordywallflower
Circle 3
25. @nox_katie10121
26. @ellednoril
27. @SaveLockwood_Co
28. @SchadDeb
29. @TheEvaEm
30. @AnaLusaD1
31. @orecchiett
32. @fandomxgoddess
33. @mixleven

#SaveLockwoodandCo #DEPRACrollcall",3.0,0.0,#DEPRACrollcall
1.6695792182780314e+18,2023-06-16 05:34:39+00:00,CreatureBuff,"Circle 2
9. @Thebiscuitrule
10. @cassiesnowberry
11. @DarkCyclePizza
12. @AnittaBloom
13. @afflictionism
14. @Platypus1060411
15. @amelia_argent
16. @lockwoodandco13
17. @Lockwood1494
18. @yve_mary
19. @biscuitandco
20. @hollowgirlhan

#SaveLockwoodandCo #DEPRACrollcall",5.0,0.0,#DEPRACrollcall
1.6695792158160773e+18,2023-06-16 05:34:38+00:00,CreatureBuff,"Circle 1
1. @lavenderghostco
2. @alice_mirror_
3. @viv_winternight
4. @Godsgirljune
5. @Awklepuff
6. @lockwoody_
7. @bunnyellabell
8. @nemesisn15

#SaveLockwoodandCo #DEPRACrollcall",4.0,0.0,#DEPRACrollcall
1.6695792137691546e+18,2023-06-16 05:34:38+00:00,CreatureBuff,"Good morning! Had a couple of these in my motifs after waking up, so I'll start the day with my twitter circle, too. Hello everybody! ü§ó

#SaveLockwoodandCo #DEPRACrollcall https://t.co/ByYnk42nyA",17.0,2.0,#DEPRACrollcall
1.669577725299028e+18,2023-06-16 05:28:43+00:00,carlyleons,"@lvjysghosts I find myself asking Why more often these days

#SaveLockwoodandCo #Depracrollcall",1.0,0.0,#DEPRACrollcall
1.669577024300634e+18,2023-06-16 05:25:56+00:00,CreatureBuff,"@Platypus1060411 I'm always excited when I make first circle! ü§óü•≥
#SaveLockwoodandCo #DEPRACrollcall",1.0,0.0,#DEPRACrollcall
1.6695767961053307e+18,2023-06-16 05:25:02+00:00,CreatureBuff,"@AnittaBloom ‚ò∫Ô∏èüëãüëãüëã
#SaveLockwoodandCo #DEPRACrollcall",0.0,0.0,#DEPRACrollcall
1.6695764404409344e+18,2023-06-16 05:23:37+00:00,CreatureBuff,"@amelia_argent @Awklepuff @yve_mary @lockwoodandco13 @VictordebraL @biscuitandco @AnittaBloom @viv_winternight Hi there! ‚ò∫Ô∏è
#SaveLockwoodandCo #DEPRACrollcall",3.0,0.0,#DEPRACrollcall
1.6695748385690583e+18,2023-06-16 05:17:15+00:00,DarkCyclePizza,"@lockeybae @the_hollowgirl I loved that scene so much üòç
#SaveLockwoodandCo #DEPRACrollcall 
(GIF by @lockwoody_ - obviously üòâ) https://t.co/OxRq9zXnBP",2.0,0.0,#DEPRACrollcall
1.6695722982219694e+18,2023-06-16 05:07:09+00:00,cassiesnowberry,"It‚Äôs 10pm for me &amp; I‚Äôm about to have some tea &amp; read a good book. (I included a blurry photo that I absolutely took on purpose)

‚ù§Ô∏è‚öîÔ∏è‚ù§Ô∏è‚öîÔ∏è
LOCKWOOD AND CO
#SaveLockwoodandCo
#ScreamingStaircase
#DEPRACrollcall https://t.co/MCnBGlot4e",12.0,0.0,#DEPRACrollcall
1.66956398454938e+18,2023-06-16 04:34:07+00:00,carlyleons,"@carlyleandco WHY WOULD YOU SAY SOMETHING LIKE THIS 

#SaveLockwoodandCo #DEPRACRollCall",0.0,0.0,#DEPRACrollcall
1.669561042009981e+18,2023-06-16 04:22:26+00:00,CreatureBuff,"@lockwoody_ That's exactly what happened when I typed the hashtag for the first time. No, I need to correct myself: the first time I wrote SteamingStaircase ... You're not alone! üòÑ

#SaveLockwoodandCo #DEPRACrollcall",0.0,0.0,#DEPRACrollcall
1.6695608800471982e+18,2023-06-16 04:21:47+00:00,afflictionism,"@SaveLockwood_Co GIVE US BACK OUR BOY!!! 

#SaveLockwoodandCo
#DEPRACrollcall
Lockwood and Co",2.0,0.0,#DEPRACrollcall
1.6695604779725906e+18,2023-06-16 04:20:11+00:00,CreatureBuff,"@lockwoody_ How did you manage?

Fear of spiders can be overwhelming, I know too well myself. But it can be overcome, too. I'm much better today than I was a couple of years ago.

#SaveLockwoodandCo #DEPRACrollcall",0.0,0.0,#DEPRACrollcall
1.6695598845373768e+18,2023-06-16 04:17:50+00:00,CreatureBuff,"@lockwoody_ Good to hear you won't leave. We'd miss you way too much!!! ü´∂ 
#SaveLockwoodandCo #DEPRACrollcall",0.0,0.0,#DEPRACrollcall
1.6695570470321684e+18,2023-06-16 04:06:33+00:00,afflictionism,"I MISS GEORGE KARIM SO MUCH WHERE IS HE 

#SaveLockwoodandCo
#DEPRACrollcall
Lockwood and Co",6.0,0.0,#DEPRACrollcall
1.669555420849922e+18,2023-06-16 04:00:05+00:00,SanyaAneja2,"RT @lavenderghostco: Okay LockNation im off to bed!! Thanks for another AMAZING day!! I love you guysü•π‚ù§Ô∏è

Tomorrow‚Äôs hashtags are #SaveLock‚Ä¶",0.0,2.0,#DEPRACrollcall
1.669545319573635e+18,2023-06-16 03:19:57+00:00,afflictionism,"if i had one peso every time i had an opm only l&amp;co playlist, i‚Äôd have two pesos, which isn‚Äôt a lot but it‚Äôs weird that it happened twice 

#SaveLockwoodandCo
#DEPRACrollcall
Lockwood and Co",0.0,0.0,#DEPRACrollcall
1.6695445861741363e+18,2023-06-16 03:17:02+00:00,AndreaDuka2356,"I can understand thatüòÖ maybe you could just jump it through if it is on the groundü§î
#SaveLockwoodandCo 
#DEPRACrollCall https://t.co/AidianRw5G",0.0,0.0,#DEPRACrollcall
1.669543512373891e+18,2023-06-16 03:12:46+00:00,afflictionism,"@AnaLusaD1 goodnight ana! good luck on that test!! 

#SaveLockwoodandCo
#DEPRACrollcall
Lockwood and Co",0.0,0.0,#DEPRACrollcall
1.66954334089395e+18,2023-06-16 03:12:05+00:00,afflictionism,"@Godsgirljune goodnight leah!!! taking over the shift ü´° 

#SaveLockwoodandCo
#DEPRACrollcall
Lockwood and Co",1.0,0.0,#DEPRACrollcall
1.6695430537938575e+18,2023-06-16 03:10:57+00:00,afflictionism,"RT @multistantara: Hot people are obsessed with Lockwood and Co
#SaveLockwoodandCo #DEPRACrollcall",0.0,1.0,#DEPRACrollcall
1.6695353270512067e+18,2023-06-16 02:40:15+00:00,multistantara,"Hot people are obsessed with Lockwood and Co
#SaveLockwoodandCo #DEPRACrollcall",2.0,1.0,#DEPRACrollcall
1.6695333670317425e+18,2023-06-16 02:32:27+00:00,Platypus1060411,"@lockwoody_ Spider, you say üëÄ? Should probably carry some silver watch or jewelry. Could be haunted üëªüòÇ

In all seriousness. I'm so sorry, I am terrified of spiders, so I hope it goes away for you soon. And I hope you keep recovering.
#SaveLockwoodandCo #DEPRACrollcall",0.0,0.0,#DEPRACrollcall
1.66952666663945e+18,2023-06-16 02:05:50+00:00,chaotic_reader,"RT @amelia_argent: Good night, LockNation! Thank you for this amazing day ‚ò∫ I've got so much positive emotions! Thank you all‚ù§
Tomorrow we'‚Ä¶",0.0,4.0,#DEPRACrollcall
1.6694991719156122e+18,2023-06-16 00:16:35+00:00,bunnyellabell,"RT @lavenderghostco: Okay LockNation im off to bed!! Thanks for another AMAZING day!! I love you guysü•π‚ù§Ô∏è

Tomorrow‚Äôs hashtags are #SaveLock‚Ä¶",0.0,2.0,#DEPRACrollcall
1.6694967096578376e+18,2023-06-16 00:06:47+00:00,lavenderghostco,"Okay LockNation im off to bed!! Thanks for another AMAZING day!! I love you guysü•π‚ù§Ô∏è

Tomorrow‚Äôs hashtags are #SaveLockwoodandCo #DEPRACrollcall

And we‚Äôre talking about our favourite INTERVIEW MOMENTS

also i think @MontaguBarnes has something planned for usüëÄ

See ye tomorrow!!",18.0,2.0,#DEPRACrollcall
1.6694937365968118e+18,2023-06-15 23:54:59+00:00,AinaraGonzlez14,"RT @amelia_argent: Good night, LockNation! Thank you for this amazing day ‚ò∫ I've got so much positive emotions! Thank you all‚ù§
Tomorrow we'‚Ä¶",0.0,4.0,#DEPRACrollcall
1.6694874497042145e+18,2023-06-15 23:30:00+00:00,Locklyle_fan,"Also Cameron Chapman the actor that you areüôåüèΩ
Totally robbed of the best debut nomination!!

#SaveLockwoodandCo #DEPRACrollcall",8.0,0.0,#DEPRACrollcall
1.6694858676926013e+18,2023-06-15 23:23:43+00:00,Locklyle_fan,"@hollowgirlhan I actually haven't read the booksü´£ But I'm planning to soon. I don't mind spoilers though.

#SaveLockwoodandCo #DEPRACrollcall",0.0,0.0,#DEPRACrollcall
1.6694836833618289e+18,2023-06-15 23:15:02+00:00,amelia_argent,"Good night, LockNation! Thank you for this amazing day ‚ò∫ I've got so much positive emotions! Thank you all‚ù§
Tomorrow we'll use #DEPRACrollcall hashtag! 
#SaveLockwoodandCo #ScreamingStaircase
For Lockwood and Co‚öîÔ∏èüíú https://t.co/eu5kLDbdRq",11.0,4.0,#DEPRACrollcall
1.669483285703975e+18,2023-06-15 23:13:27+00:00,Locklyle_fan,"@hollowgirlhan Let's cry together cuz I've been losing my mind over this since daysüò≠

#SaveLockwoodandCo #DEPRACrollcall",2.0,0.0,#DEPRACrollcall
1.6694830440452014e+18,2023-06-15 23:12:29+00:00,carlyleons,"@lavenderghostco @JonathanAStroud @FictionComplete LAV IT‚ÄôS SO CUTE!!! So intricate and well done!!! 
#SaveLockwoodandCo #DEPRACRollCall",0.0,0.0,#DEPRACrollcall
1.669481913864581e+18,2023-06-15 23:08:00+00:00,Locklyle_fan,"@Godsgirljune Donald and Celia would've been so proud of himüò≠üíî

#SaveLockwoodandCo #DEPRACrollcall",3.0,0.0,#DEPRACrollcall
1.6694811131426693e+18,2023-06-15 23:04:49+00:00,Locklyle_fan,"@Godsgirljune Yes exactly he's such a gentlemanüò≠ The way he always asks her first to make sure she's comfortableüò≠ Even though he was orphaned as a child, he still turned out to be an amazing human being which I really love about his character‚ù§Ô∏è

#SaveLockwoodandCo #DEPRACrollcall",5.0,0.0,#DEPRACrollcall
